<?xml version="1.0" encoding="UTF-8"?>
<project xmlns="http://maven.apache.org/POM/4.0.0" xmlns:xsi="http://www.w3.org/2001/XMLSchema-instance" xsi:schemaLocation="http://maven.apache.org/POM/4.0.0 http://maven.apache.org/maven-v4_0_0.xsd">
  <modelVersion>4.0.0</modelVersion>
  <groupId>org.proyecto_pro2024</groupId>
  <artifactId>pptls</artifactId>
  <version>1.0</version>
  <build>
    <plugins>
      <plugin>
        <artifactId>maven-compiler-plugin</artifactId>
        <version>3.8.0</version>
        <configuration>
          <release>8</release>
        </configuration>
      </plugin>
      <plugin>
        <groupId>org.openjfx</groupId>
        <artifactId>javafx-maven-plugin</artifactId>
        <version>0.0.6</version>
        <executions>
          <execution>
            <id>default-cli</id>
            <configuration>
              <mainClass>org.proyecto_pro2024.Main</mainClass>
            </configuration>
          </execution>
        </executions>
      </plugin>
      <plugin>
        <artifactId>maven-shade-plugin</artifactId>
        <version>3.4.1</version>
        <executions>
          <execution>
            <phase>package</phase>
            <goals>
              <goal>shade</goal>
            </goals>
            <configuration>
              <artifactSet>
                <excludes>
                  <exclude>org.openjfx:javafx-controls:win*</exclude>
                  <exclude>org.openjfx:javafx-fxml:win*</exclude>
                  <exclude>org.openjfx:javafx-graphics:win*</exclude>
                  <exclude>org.openjfx:javafx-base:win*</exclude>
                </excludes>
              </artifactSet>
              <transformers>
                <transformer>
                  <mainClass>org.proyecto_pro2024.Main</mainClass>
                </transformer>
              </transformers>
            </configuration>
          </execution>
        </executions>
      </plugin>
    </plugins>
  </build>
  <dependencies>
    <dependency>
      <groupId>mysql</groupId>
      <artifactId>mysql-connector-java</artifactId>
      <version>8.0.30</version>
      <scope>system</scope>
      <systemPath>${project.basedir}/lib/mysql-connector-java-8.0.30.jar</systemPath>
    </dependency>
  </dependencies>
  <properties>
    <maven.compiler.target>8</maven.compiler.target>
    <maven.compiler.source>8</maven.compiler.source>
    <project.build.sourceEncoding>UTF-8</project.build.sourceEncoding>
  </properties>
</project>
